NIF,Nombre,Apellidos,Dirección,Teléfono,Correo Electrónico
41149800H,Carlos,Pérez Rodríguez,"Calle González 55, Valencia",600262846,ana.martínez@email.com
88715967W,Isabel,Díaz González,"Calle Castro 15, Valencia",600192103,patricia.gonzález@email.com
41187207T,Patricia,Martínez Delgado,"Calle Moreno 73, Barcelona",600494017,maría.moreno@email.com
99913646X,David,Moreno Navarro,"Calle Sánchez 6, Sevilla",600921140,maría.jiménez@email.com
54287277F,Rafael,Torres Vega,"Calle Ruiz 30, Valencia",600778937,isabel.vargas@email.com
89312149T,Jorge,Ortega Ortega,"Calle López 95, Barcelona",600645902,jorge.fernández@email.com
75235346U,Jorge,Díaz García,"Calle Rodríguez 50, Valencia",600386141,manuel.castro@email.com
50349320A,David,Ruiz Moreno,"Calle Fernández 63, Valencia",600324726,alberto.vega@email.com
41793692W,Carlos,López García,"Calle López 57, Barcelona",600250669,isabel.romero@email.com
75572298B,Lucía,González Torres,"Calle Navarro 100, Madrid",600446598,rafael.navarro@email.com
37843880H,Alberto,González Moreno,"Calle Díaz 56, Sevilla",600400610,elena.moreno@email.com
93402513W,Isabel,Sánchez García,"Calle Martínez 75, Bilbao",600103011,luis.torres@email.com
90379451I,María,Martínez Vega,"Calle Delgado 94, Madrid",600628952,carmen.díaz@email.com
44036727M,Laura,Díaz Ruiz,"Calle López 83, Sevilla",600490878,isabel.ruiz@email.com
19642180L,Isabel,Sánchez Vargas,"Calle Castro 85, Bilbao",600400942,jorge.vargas@email.com
44156856N,Sara,Sánchez Rodríguez,"Calle Navarro 5, Valencia",600624962,rafael.díaz@email.com
64554741R,Elena,Castro Navarro,"Calle López 17, Bilbao",600164158,manuel.vega@email.com
73359043T,Laura,Navarro Fernández,"Calle García 44, Valencia",600514304,rafael.díaz@email.com
10571779O,Lucía,Vargas López,"Calle Martínez 35, Bilbao",600513087,carmen.gonzález@email.com
60743253L,Manuel,López López,"Calle Rodríguez 25, Madrid",600464548,ana.romero@email.com
52852955A,Carmen,González Sánchez,"Calle Navarro 1, Sevilla",600860804,alberto.navarro@email.com
59749899I,Sara,Castro Navarro,"Calle Castro 1, Valencia",600748109,josé.vega@email.com
13762546R,Isabel,Jiménez Romero,"Calle Castro 15, Bilbao",600612178,carmen.ortega@email.com
27347771X,Manuel,Ortega Delgado,"Calle Torres 69, Valencia",600839202,david.fernández@email.com
75956693H,Pedro,Vargas Ortega,"Calle Vargas 23, Bilbao",600679467,beatriz.garcía@email.com
15916081L,Juan,Pérez Ruiz,"Calle Jiménez 93, Sevilla",600577552,laura.jiménez@email.com
38973918X,Lucía,Navarro Díaz,"Calle Ortega 16, Barcelona",600157977,jorge.sánchez@email.com
53122074J,Alberto,Romero Martínez,"Calle Castro 83, Valencia",600132421,josé.vargas@email.com
55161095C,Laura,Sánchez Ortega,"Calle González 31, Bilbao",600450254,josé.ruiz@email.com
96962077Z,María,Navarro Vargas,"Calle Rodríguez 36, Madrid",600497040,luis.garcía@email.com
